pn_raw,pn_normalized,chip_type,subtype,capacity,emcp_nand,emcp_ram,interface,package,confidence,source_url,source_tier,source_doc,notes
SDIN7DP2-4G,SDIN7DP24G,eMMC,,4GB,,,eMMC 4.51,BGA153,confirmed,https://www.mouser.com/ProductDetail/SanDisk/SDIN7DP2-4G,1,80-36-03494,iNAND Extreme e.MMC 4.51 (SanDisk marketing diz 4.5=4.51 JEDEC); 4GB; Mouser Tier1 + Octopart 153-FBGA; standalone eMMC NO RAM; obsolete. NOT eMCP (BGA153).
SDIN7DP2-8G,SDIN7DP28G,eMMC,,8GB,,,eMMC 4.51,BGA153,confirmed,https://www.mouser.com/ProductDetail/SanDisk/SDIN7DP2-8G,1,80-36-03494,iNAND Extreme e.MMC 4.51; 8GB; Mouser Tier1 + Octopart 153-pin FBGA; standalone eMMC; obsolete. Família para em 8GB (sem -16G/-32G).
SDIN7DP4-16G,SDIN7DP416G,eMMC,,16GB,,,eMMC 4.51,BGA153,confirmed,https://www.mouser.com/ProductDetail/SanDisk/SDIN7DP4-16G,1,80-36-03494,iNAND Extreme e.MMC 4.51; 16GB; Mouser Tier1. ATENÇÃO: Octopart structured field diz TFBGA-169; descrições de distribuidor dizem 153FBGA 11.5x13mm -> tratado BGA153 até verificação no datasheet completo. HTC One Max.
SDIN7DP4-32G,SDIN7DP432G,eMMC,,32GB,,,eMMC 4.51,BGA153,confirmed,https://www.mouser.com/ProductDetail/SanDisk/SDIN7DP4-32G,1,80-36-03494,iNAND Extreme e.MMC 4.51; 32GB; Mouser Tier1 + datasheet PDF (doc 80-36-03494). Ambiguidade 153 vs 169 balls - verificar datasheet completo 36 pgs.
SDIN7DP4-64G,SDIN7DP464G,eMMC,,64GB,,,eMMC 4.5,,skip,https://www.jotrin.com/product/parts/SDIN7DP4_64G,3,,"Top capacity of DP4 family; only Jotrin (Tier3), no Mouser/DigiKey full table; 169-TFBGA claim unverified. Plausible but NOT Tier1/2 confirmed -> skip, human follow-up."
SDIN7DU2-16G,SDIN7DU216G,eMMC,,16GB,,,eMMC 4.41,,confirmed,https://www.mouser.com/ProductDetail/SanDisk/SDIN7DU2-16G,1,80-36-03666,"iNAND Ultra eMMC 4.41; 16GB; Mouser Tier1 + Octopart. Interface from family datasheet doc 80-36-03666. Package not asserted: agent saw BGA153, WTC notes say 12x16mm(=BGA169) - verify."
SDIN7DU2-32G,SDIN7DU232G,eMMC,,32GB,,,eMMC 4.41,,confirmed,https://www.mouser.com/ProductDetail/SanDisk/SDIN7DU2-32G,1,80-36-03666,iNAND Ultra eMMC 4.41; 32GB; Mouser Tier1. Interface from family datasheet doc 80-36-03666. Package unresolved (BGA153 vs 12x16/169) - verify. SDIN7DU2-4G not found; SDIN7DU4 does not exist.
SDIN8DE1-8G,SDIN8DE18G,eMMC,,8GB,,,eMMC 4.51,BGA153,confirmed,https://www.mouser.com/datasheet/2/196/sandisk_12282015_Commercial%20Embedded%20Product%20Brief-1096188.pdf,1,,Official SanDisk Commercial Embedded Product Brief: SDIN8DE1-8G eMMC 4.51 HS200 8GB; BGA153 11.5x13mm. Family is 8GB-ONLY (no -4G/-16G). Huawei Honor 4X.
SDIN8DE1-8G-I,SDIN8DE18GI,eMMC,,8GB,,,eMMC 4.51,BGA153,confirmed,https://www.mouser.com/ProductDetail/SanDisk/SDIN8DE1-8G-I,1,,Mouser Tier1: eMMC 4.51 HS200 8GB Industrial -25..85C; obsolete. -I = industrial variant of SDIN8DE1-8G.
SDIN8DE1-8G-A,SDIN8DE18GA,eMMC,,8GB,,,eMMC 4.51,BGA153,skip,https://www.findic.us/price/sdin8de1-8g-a-dzywVpKEL.html,3,,"Automotive (-A) variant; Tier-3 reseller only. Family specs (8GB, eMMC 4.51, BGA153) from official brief; -A SKU itself not Tier1/2 confirmed."
SDIN8DE4-32G,SDIN8DE432G,eMMC,,32GB,,,eMMC 4.51,BGA153,confirmed,https://www.mouser.com/datasheet/2/196/sandisk_12282015_Commercial%20Embedded%20Product%20Brief-1096188.pdf,1,,Official SanDisk brief: SDIN8DE4-32G eMMC 4.51 HS200 32GB; BGA153 standalone eMMC. REFUTES 12x16mm/RAM hypothesis - NOT eMCP. Octopart corroborates. HTC One E8.
SDIN8DE4-64G,SDIN8DE464G,eMMC,,64GB,,,eMMC 4.51,BGA153,confirmed,https://www.mouser.com/datasheet/2/196/sandisk_12282015_Commercial%20Embedded%20Product%20Brief-1096188.pdf,1,,Official SanDisk brief: SDIN8DE4-64G eMMC 4.51 HS200 64GB; BGA153 standalone eMMC. Octopart 512Gbit=64GB.
SDIN8DE4-16G,SDIN8DE416G,eMMC,,16GB,,,eMMC 4.51,BGA153,skip,https://octopart.com/part/sandisk/SDIN8DE4-32G,3,,16GB SKU exists (Jotrin/Xecor 'BGA153 EMMC 4.5 16G') but no Tier1/2 spec-table page for the 16G SKU; family eMMC 4.51 BGA153. Ignore reseller 'eMMC 5.1 160/100' (contradicts official 4.51).
SDIN9DS2-8G,SDIN9DS28G,eMMC,,8GB,,,eMMC 5.0,BGA153,confirmed,https://www.mouser.com/datasheet/2/196/sandisk_12282015_Commercial%20Embedded%20Product%20Brief-1096188.pdf,1,,Official SanDisk brief: SDIN9DS2-8G eMMC 5.0 HS400 8GB; BGA153 (Avnet). Family starts at 8GB (no -4G).
SDIN9DS2-16G,SDIN9DS216G,eMMC,,16GB,,,eMMC 5.0,BGA153,confirmed,https://www.mouser.com/datasheet/2/196/sandisk_12282015_Commercial%20Embedded%20Product%20Brief-1096188.pdf,1,,Official SanDisk brief: SDIN9DS2-16G eMMC 5.0 HS400 16GB; BGA153. HTC Desire 630 (Rockchip AVL).
SDIN9DS2-32G,SDIN9DS232G,eMMC,,32GB,,,eMMC 5.0,BGA153,confirmed,https://www.mouser.com/datasheet/2/196/sandisk_12282015_Commercial%20Embedded%20Product%20Brief-1096188.pdf,1,,Official SanDisk brief: SDIN9DS2-32G eMMC 5.0 HS400 32GB; BGA153 11.5x13mm.
SDIN9DS2-64G,SDIN9DS264G,eMMC,,64GB,,,eMMC 5.0,BGA153,confirmed,https://www.mouser.com/datasheet/2/196/sandisk_12282015_Commercial%20Embedded%20Product%20Brief-1096188.pdf,1,,Official SanDisk brief: SDIN9DS2-64G eMMC 5.0 HS400 64GB; BGA153; obsolete.
SDIN9DW4-64G,SDIN9DW464G,eMMC,,64GB,,,eMMC 5.0,BGA153,confirmed,https://www.mouser.com/catalog/specsheets/sandisk_sand-s-a0002571728-1.pdf,1,80-36-03680,Official SanDisk iNAND Extreme datasheet doc 80-36-03680 Rev1.11: SDIN9DW4-64G eMMC 5.0 HS400 64GB 153-ball TFBGA 11.5x13mm. DB already has 16G/32G; family is 16/32/64G ONLY (no 4G/8G).
SDIN5D1-2G,SDIN5D12G,eMMC,,2GB,,,eMMC 4.41,BGA153,confirmed,http://datasheet.iiic.cc/datasheets-1/sandisk/SDIN5D1-4G-L.pdf,1,80-36-03462,iNAND X2 MLC (2GB too small for X3); WD datasheet 80-36-03462 ordering table; full SKU SDIN5D1-2G-L (1.8V I/O); BGA153 11.5x13mm. NOTE: 6th char '1' usually=X3 but this 2G SKU is X2 - exception.
SDIN5D2-4G,SDIN5D24G,eMMC,,4GB,,,eMMC 4.41,BGA153,confirmed,http://datasheet.iiic.cc/datasheets-1/sandisk/SDIN5D1-4G-L.pdf,1,80-36-03462,iNAND X2 MLC; WD datasheet 80-36-03462; full SKU SDIN5D2-4G-L; BGA153 11.5x13mm; ~2011.
SDIN5D2-8G,SDIN5D28G,eMMC,,8GB,,,eMMC 4.41,BGA153,confirmed,http://datasheet.iiic.cc/datasheets-1/sandisk/SDIN5D1-4G-L.pdf,1,80-36-03462,iNAND X2 MLC; WD datasheet 80-36-03462; full SKU SDIN5D2-8G-L; BGA153 11.5x13mm.
SDIN5D2-16G,SDIN5D216G,eMMC,,16GB,,,eMMC 4.41,BGA153,confirmed,http://datasheet.iiic.cc/datasheets-1/sandisk/SDIN5D1-4G-L.pdf,1,80-36-03462,iNAND X2 MLC; WD datasheet 80-36-03462; full SKU SDIN5D2-16G-L; BGA153 11.5x13x1.2mm.
SDIN5D1-4G,SDIN5D14G,eMMC,,4GB,,,eMMC 4.41,BGA153,confirmed,http://datasheet.iiic.cc/datasheets-1/sandisk/SDIN5D1-4G-L.pdf,1,80-36-03462,iNAND X3 MLC; WD datasheet 80-36-03462 V1.4 Dec2011; full SKU SDIN5D1-4G-L; BGA153 11.5x13mm.
SDIN5D1-8G,SDIN5D18G,eMMC,,8GB,,,eMMC 4.41,BGA153,confirmed,http://datasheet.iiic.cc/datasheets-1/sandisk/SDIN5D1-4G-L.pdf,1,80-36-03462,iNAND X3 MLC; WD datasheet 80-36-03462; SKU SDIN5D1-8G-L / -8G-DC; BGA153.
SDIN5D1-16G,SDIN5D116G,eMMC,,16GB,,,eMMC 4.41,BGA153,confirmed,http://datasheet.iiic.cc/datasheets-1/sandisk/SDIN5D1-4G-L.pdf,1,80-36-03462,iNAND X3 MLC; WD datasheet 80-36-03462 (SKU added in rev1.4); SKU SDIN5D1-16G-L; BGA153 11.5x13x1.2mm.
SDIN5C1-4G,SDIN5C14G,eMMC,,4GB,,,eMMC 4.41,BGA169,confirmed,http://otladka.com.ua/doc/components/SDIN5C2.pdf,1,80-36-03433,iNAND X3 MLC; WD datasheet 80-36-03433 V1.3 Dec2010; BGA169 12x16mm standalone eMMC; 4G present in 03433 (dropped in later 03462).
SDIN5C1-8G,SDIN5C18G,eMMC,,8GB,,,eMMC 4.41,BGA169,confirmed,http://datasheet.iiic.cc/datasheets-1/sandisk/SDIN5D1-4G-L.pdf,1,80-36-03462,iNAND X3 MLC; WD datasheet 80-36-03462; SKU SDIN5C1-8G-L; Elnec confirms eMMC BGA169 12x16mm.
SDIN5C1-16G,SDIN5C116G,eMMC,,16GB,,,eMMC 4.41,BGA169,confirmed,http://datasheet.iiic.cc/datasheets-1/sandisk/SDIN5D1-4G-L.pdf,1,80-36-03462,iNAND X3 MLC; WD datasheet 80-36-03462; Elnec confirms SDIN5C1-16G FBGA169 eMMC; BGA169 12x16mm.
SDIN5C1-32G,SDIN5C132G,eMMC,,32GB,,,eMMC 4.41,BGA169,confirmed,http://datasheet.iiic.cc/datasheets-1/sandisk/SDIN5D1-4G-L.pdf,1,80-36-03462,iNAND X3 MLC; WD datasheet 80-36-03462; SKU SDIN5C1-32G-L; BGA169 12x16mm.
SDIN5C1-64G,SDIN5C164G,eMMC,,64GB,,,eMMC 4.41,BGA169,confirmed,http://datasheet.iiic.cc/datasheets-1/sandisk/SDIN5D1-4G-L.pdf,1,80-36-03462,iNAND X3 MLC; WD datasheet 80-36-03462; SKU SDIN5C1-64G-L; BGA169 12x16x1.4mm.
SDIN4C2-4G,SDIN4C24G,eMMC,,4GB,,,,BGA169,skip,https://e2e.ti.com/support/processors-group/processors/f/processors-forum/124680,3,,"Old pre-SDIN5 iNAND (~2010-11, early Galaxy era); eMMC FBGA169 confirmed (TI E2E forum + Elnec); 4GB from suffix. eMMC VERSION (4.3/4.4) NOT stated anywhere - do not infer."
SDIN4C2-8G,SDIN4C28G,eMMC,,8GB,,,,BGA169,skip,https://www.elnec.com/en/device/SanDisk/SDIN4C2-8G-U+%5BFBGA169%5D/,3,,Old pre-SDIN5 iNAND; eMMC FBGA169 confirmed by Elnec + Octopart (4 distributors); SKU SDIN4C2-8G-U; 8GB from suffix. eMMC version NOT stated - do not infer.
SDIN4C2-2G,SDIN4C22G,eMMC,,2GB,,,,BGA169,skip,https://www.win-source.net/memory-sdin4c2-2g.html,3,,Old pre-SDIN5 iNAND; broker-only (Win Source/Veswin); 2GB from suffix; eMMC family (Elnec for 8G sibling). Version NOT stated. SDIN4C4 not found anywhere.
SDIN4C2-16G,SDIN4C216G,eMMC,,16GB,,,,BGA169,skip,https://www.veswin.com/product-SDIN4C2-16G.html,3,,Old pre-SDIN5 iNAND; broker-only (Veswin); 16GB from suffix; eMMC family. Version NOT stated.
SDINBDG4-8G,SDINBDG48G,eMMC,,8GB,,,eMMC 5.1,,confirmed,https://www.verical.com/datasheet/sandisk-nand-flash-sdinbdg4-8g-4059888.pdf,1,PB02-iNAND-7250-US-EN-0817-02,[!] NOT UFS - SDINBDG4 = iNAND 7250 eMMC 5.1 HS400 X2 MLC per official WD product brief. CONTRADICTS WTC grammar 'SDINB=UFS'. 11.5x13x0.8mm. Samsung Galaxy M20 assoc.
SDINBDG4-16G,SDINBDG416G,eMMC,,16GB,,,eMMC 5.1,,confirmed,https://www.verical.com/datasheet/sandisk-nand-flash-sdinbdg4-8g-4059888.pdf,1,PB02-iNAND-7250-US-EN-0817-02,[!] NOT UFS - iNAND 7250 eMMC 5.1; also on sandisk.com mobile-eMMC page. CONTRADICTS WTC grammar 'SDINB=UFS'.
SDINBDG4-32G,SDINBDG432G,eMMC,,32GB,,,eMMC 5.1,,confirmed,https://www.verical.com/datasheet/sandisk-nand-flash-sdinbdg4-8g-4059888.pdf,1,PB02-iNAND-7250-US-EN-0817-02,[!] NOT UFS - iNAND 7250 eMMC 5.1; 11.5x13x1.0mm. CONTRADICTS WTC grammar 'SDINB=UFS'.
SDINBDG4-64G,SDINBDG464G,eMMC,,64GB,,,eMMC 5.1,,confirmed,https://www.verical.com/datasheet/sandisk-nand-flash-sdinbdg4-8g-4059888.pdf,1,PB02-iNAND-7250-US-EN-0817-02,[!] NOT UFS - iNAND 7250 eMMC 5.1; 11.5x13x1.2mm. CONTRADICTS WTC grammar 'SDINB=UFS'.
SDINBDD4-32G,SDINBDD432G,eMMC,,32GB,,,eMMC 5.1,,confirmed,https://www.sandisk.com/content/dam/sandisk-main/en_us/assets/resources/data-sheets/iNAND-7350-Prod-Brief.pdf,1,PB01-iNAND-7350-US-EN-0217-01,[!] NOT UFS - SDINBDD4 = iNAND 7350 eMMC 5.1 3D NAND per official SanDisk product brief (2 independent agent confirmations). 11.5x13x0.8mm. CONTRADICTS WTC grammar 'SDINB=UFS'.
SDINBDD4-64G,SDINBDD464G,eMMC,,64GB,,,eMMC 5.1,,confirmed,https://www.sandisk.com/content/dam/sandisk-main/en_us/assets/resources/data-sheets/iNAND-7350-Prod-Brief.pdf,1,PB01-iNAND-7350-US-EN-0217-01,[!] NOT UFS - iNAND 7350 eMMC 5.1; 11.5x13x1.0mm. Huawei Nova 2s assoc. CONTRADICTS WTC grammar 'SDINB=UFS'.
SDINBDD4-128G,SDINBDD4128G,eMMC,,128GB,,,eMMC 5.1,,confirmed,https://www.sandisk.com/content/dam/sandisk-main/en_us/assets/resources/data-sheets/iNAND-7350-Prod-Brief.pdf,1,PB01-iNAND-7350-US-EN-0217-01,[!] NOT UFS - iNAND 7350 eMMC 5.1; 11.5x13x1.0mm. CONTRADICTS WTC grammar 'SDINB=UFS'.
SDINBDD4-256G,SDINBDD4256G,eMMC,,256GB,,,eMMC 5.1,,confirmed,https://www.sandisk.com/content/dam/sandisk-main/en_us/assets/resources/data-sheets/iNAND-7350-Prod-Brief.pdf,1,PB01-iNAND-7350-US-EN-0217-01,[!] NOT UFS - iNAND 7350 eMMC 5.1 flagship; 11.5x13x1.2mm. CONTRADICTS WTC grammar 'SDINB=UFS'.
SDINBDA4-32G,SDINBDA432G,eMMC,,32GB,,,eMMC 5.1,,confirmed,https://www.mouser.com/datasheet/2/669/iNAND_7550_Prod_Brief_EN_US-2952685.pdf,1,PB04-iNAND-7550-EN-US-1117-01,[!] NOT UFS - SDINBDA4 = iNAND 7550 eMMC 5.1 HS400 3D NAND Gen4 SmartSLC per official WD brief. 11.5x13x1.0mm. CONTRADICTS WTC grammar 'SDINB=UFS'.
SDINBDA4-64G,SDINBDA464G,eMMC,,64GB,,,eMMC 5.1,,confirmed,https://www.mouser.com/datasheet/2/669/iNAND_7550_Prod_Brief_EN_US-2952685.pdf,1,PB04-iNAND-7550-EN-US-1117-01,[!] NOT UFS - iNAND 7550 eMMC 5.1. CONTRADICTS WTC grammar 'SDINB=UFS'.
SDINBDA4-128G,SDINBDA4128G,eMMC,,128GB,,,eMMC 5.1,,confirmed,https://www.mouser.com/datasheet/2/669/iNAND_7550_Prod_Brief_EN_US-2952685.pdf,1,PB04-iNAND-7550-EN-US-1117-01,[!] NOT UFS - iNAND 7550 eMMC 5.1. Huawei Honor 8X assoc. Tier-3 aggregators add unverified 'SLC' - ignore. CONTRADICTS WTC grammar 'SDINB=UFS'.
SDINBDA4-256G,SDINBDA4256G,eMMC,,256GB,,,eMMC 5.1,,confirmed,https://www.mouser.com/datasheet/2/669/iNAND_7550_Prod_Brief_EN_US-2952685.pdf,1,PB04-iNAND-7550-EN-US-1117-01,[!] NOT UFS - iNAND 7550 eMMC 5.1 mid/high-end mobile. CONTRADICTS WTC grammar 'SDINB=UFS'.
SDINDDH4-32G,SDINDDH432G,UFS,,32GB,,,UFS 2.1,BGA153,confirmed,https://www.mouser.com/datasheet/3/1199/1/iNAND-8521-Prod-Brief_EN_US.pdf,1,PB03-iNAND-8521-EN-US-1117-01,Genuine mobile UFS 2.1 = iNAND 8521 / iNAND MC EU311; Gear3 2-lane; TFBGA-153 11.5x13mm. This is the real SanDisk mobile-UFS line.
SDINDDH4-64G,SDINDDH464G,UFS,,64GB,,,UFS 2.1,BGA153,confirmed,https://www.mouser.com/datasheet/3/1199/1/iNAND-8521-Prod-Brief_EN_US.pdf,1,PB03-iNAND-8521-EN-US-1117-01,iNAND 8521 UFS 2.1 Gear3 2-lane; TFBGA-153.
SDINDDH4-128G,SDINDDH4128G,UFS,,128GB,,,UFS 2.1,BGA153,confirmed,https://www.mouser.com/datasheet/3/1199/1/iNAND-8521-Prod-Brief_EN_US.pdf,1,PB03-iNAND-8521-EN-US-1117-01,iNAND 8521 UFS 2.1; read ~500MB/s; TFBGA-153.
SDINDDH4-256G,SDINDDH4256G,UFS,,256GB,,,UFS 2.1,BGA153,confirmed,https://www.mouser.com/datasheet/3/1199/1/iNAND-8521-Prod-Brief_EN_US.pdf,1,PB03-iNAND-8521-EN-US-1117-01,iNAND 8521 UFS 2.1 Gear3 2-lane; TFBGA-153.
SDINDDH6-64G-I,SDINDDH664GI,UFS,,64GB,,,UFS 2.1,,distributor,https://www.mouser.com/ProductDetail/SanDisk/SDINDDH6-64G-I,2,,Industrial UFS 2.1 = iNAND IX EU312; TLC; -25..85C; Mouser listing 467-SDINDDH6-64G-I (-I=industrial). Full UFS spec table not captured -> distributor.
SDINEDK4-128G,SDINEDK4128G,UFS,,128GB,,,UFS 3.0,,confirmed,https://www.sandisk.com/products/embedded-flash/mobile-inand-ufs-drives?sku=SDINEDK4-128G,1,,iNAND MC EU511 mobile UFS 3.0 Gear4 2-lane; SmartSLC Gen6; seq write up to 800MB/s. Cross-confirmed by WD product brief (iNAND MC EU511).
SDINEDK4-256G,SDINEDK4256G,UFS,,256GB,,,UFS 3.0,,confirmed,https://www.sandisk.com/products/embedded-flash/mobile-inand-ufs-drives?sku=SDINEDK4-256G,1,,iNAND MC EU511 UFS 3.0; family 128-512GB; cross-confirmed by WD product brief.
SDINEDK4-512G,SDINEDK4512G,UFS,,512GB,,,UFS 3.0,,distributor,https://www.sandisk.com/products/embedded-flash/mobile-inand-ufs-drives,2,,"iNAND MC EU511 UFS 3.0; 512G stated only via official family range 128-512GB, not an individual SKU page -> distributor pending per-SKU confirmation."
SDINFDK4-64G,SDINFDK464G,UFS,,64GB,,,UFS 3.1,,distributor,https://www.sandisk.com/products/embedded-flash/mobile-inand-ufs-drives,2,,iNAND MC EU551 UFS 3.1 Gear4 2-lane; Octopart aggregates Avnet+Arrow (authorized) for -64G. Per-SKU page not captured -> distributor.
SDINFDK4-128G,SDINFDK4128G,UFS,,128GB,,,UFS 3.1,,confirmed,https://www.sandisk.com/products/embedded-flash/mobile-inand-ufs-drives?sku=SDINFDK4-128G,1,,iNAND MC EU551 mobile UFS 3.1 Gear4 2-lane; SanDisk PDP + Octopart Avnet/Arrow; 2nd-gen UFS3.1 WriteBooster. Package BGA153 per Tier-3 only (not asserted).
SDINFDK4-256G,SDINFDK4256G,UFS,,256GB,,,UFS 3.1,,confirmed,https://www.sandisk.com/products/embedded-flash/mobile-inand-ufs-drives?sku=SDINFDK4-256G,1,,iNAND MC EU551 UFS 3.1; SanDisk PDP + Octopart (Avnet/Arrow).
SDINFDK4-512G,SDINFDK4512G,UFS,,512GB,,,UFS 3.1,,distributor,https://www.sandisk.com/products/embedded-flash/mobile-inand-ufs-drives,2,,iNAND MC EU551 UFS 3.1; 512G from official family range up to 512GB -> distributor pending per-SKU confirmation.
SDINFDO4-128G,SDINFDO4128G,UFS,,128GB,,,UFS 3.1,,confirmed,https://www.sandisk.com/products/embedded-flash/mobile-inand-ufs-drives?sku=SDINFDO4-128G,1,,UFS 3.1 mobile SKU listed as Model Number on SanDisk Commercial-UFS PDP (EU551/UFS3.1 section). Sibling prefix to SDINFDK4.
SDINFDO4-256G,SDINFDO4256G,UFS,,256GB,,,UFS 3.1,,confirmed,https://www.sandisk.com/products/embedded-flash/mobile-inand-ufs-drives?sku=SDINFDO4-256G,1,,UFS 3.1 mobile SKU listed as Model Number on SanDisk Commercial-UFS PDP.
SDINFDO4-512G,SDINFDO4512G,UFS,,512GB,,,UFS 3.1,,confirmed,https://www.sandisk.com/products/embedded-flash/mobile-inand-ufs-drives?sku=SDINFDO4-512G,1,,UFS 3.1 mobile SKU listed as Model Number on SanDisk Commercial-UFS PDP.
SDINFDQ6-64G-XA1,SDINFDQ664GXA1,UFS,,64GB,,,UFS 3.1,,distributor,https://www.sandisk.com/products/embedded-flash/automotive-inand-ufs-drives?sku=SDINFDQ6-64G-XA1,2,,AUTOMOTIVE UFS = iNAND AT EU552 UFS 3.1; -XA = automotive AEC temp grade. SanDisk automotive-UFS shop. Less common in phone recycling stream.
SDINFDQ6-128G-ZA1,SDINFDQ6128GZA1,UFS,,128GB,,,UFS 3.1,,distributor,https://www.sandisk.com/products/embedded-flash/automotive-inand-ufs-drives?sku=SDINFDQ6-128G-ZA1,2,,Automotive iNAND AT EU552 UFS 3.1; -ZA automotive grade. SanDisk automotive-UFS shop.
SDINFDQ6-256G-ZA1,SDINFDQ6256GZA1,UFS,,256GB,,,UFS 3.1,,distributor,https://www.sandisk.com/products/embedded-flash/automotive-inand-ufs-drives?sku=SDINFDQ6-256G-ZA1,2,,Automotive iNAND AT EU552 UFS 3.1. SanDisk automotive-UFS shop.
SDINFDQ6-512G-ZA1,SDINFDQ6512GZA1,UFS,,512GB,,,UFS 3.1,,distributor,https://www.sandisk.com/products/embedded-flash/automotive-inand-ufs-drives?sku=SDINFDQ6-512G-ZA1,2,,Automotive iNAND AT EU552 UFS 3.1. SanDisk automotive-UFS shop.
SDADF4AP-16G,SDADF4AP16G,eMCP,LPDDR3,,16GB,LPDDR3 2GB,,BGA221,distributor,https://octopart.com/sdadf4ap-16g-sandisk-84695914,2,,16GB NAND + 2GB LPDDR3; Octopart distributor + yoycart '16+2 221-ball 3rd gen'; 221-ball=>LPDDR3 (WTC rule); Huawei DRA-LX2. RAM type not on Tier-1 table -> distributor. Sibling of SDADB48K-16G.
SDADL2AP-16G,SDADL2AP16G,eMMC,,16GB,,,,,skip,https://www.aliexpress.com/item/4000816153027.html,3,,CONVERTIDO p/ eMMC (RAM Tier-3 não importada): standalone 16GB. Única fonte AliExpress (Tier 3) → skip; aguardar Tier 1/2. Quando RAM confirmada em Tier 1, promover p/ eMCP LPDDR3 2GB.
SDADL2BP-32G,SDADL2BP32G,eMMC,,32GB,,,,,skip,https://www.jotrin.com/product/parts/SDADL2BP_32G,3,,CONVERTIDO p/ eMMC (RAM Tier-3 não importada): standalone 32GB. NAND: Jotrin/WinSource/Arrow/Censtry mencionados mas URL primário=Jotrin (Tier 3) → skip até confirmar via Arrow direto. Huawei FIG-LA1. Quando NAND+RAM Tier 1, promover p/ eMCP LPDDR3 3GB.
SDADA4CR-64G,SDADA4CR64G,eMCP,LPDDR4,,64GB,LPDDR4 4GB,,BGA254,skip,https://www.yoycart.com/Product/607995355559/,3,,CORRIGIDO (era distributor, downgraded): sources reais são yoycart + WinSource + Jotrin = todos Tier 3. 64GB NAND + 4GB RAM consistente entre fontes; 254-ball=>LPDDR4 (WTC rule). LPDDR4 vs LPDDR4X não resolvido. Importar só após Tier1/2 confirmar. Se confirmado, irmão de SDADA4DR-64G.
SDADA4DR-64G,SDADA4DR64G,eMCP,LPDDR4,,64GB,LPDDR4 4GB,,BGA254,distributor,https://www.lcsc.com/product-detail/EMMC_SANDISK-SDADA4DR-64G_C2830407.html,2,,64GB NAND + 4GB RAM; LCSC C2830407 + JLCPCB BGA254; AliExpress '64+4'; 254-ball=>LPDDR4. Revision of SDADA4CR-64G. LPDDR4/4X unresolved.
SDADA4CR-128G,SDADA4CR128G,eMCP,LPDDR4,,128GB,LPDDR4 4GB,,BGA254,skip,https://www.aliexpress.com/item/3256809098713302.html,3,,128GB NAND; RAM from AliExpress '128+32Gbit'=4GB + Samsung KMDV6001DM-B620 cross-ref; 254-ball=>LPDDR4. RAM Tier-3 only -> skip; if downgraded treat as eMMC 128GB. LPDDR4/4X unresolved.
SD7DP26A-4G,SD7DP26A4G,eMMC,,4GB,,,,,skip,https://www.aliexpress.com/item/32660030150.html,3,,Laser die-code; Tier-3 repair-lot listings only; Octopart returns zero. SDIN7DP-family die-code but exact SKU/interface UNVERIFIED; 4GB from suffix only. Already in SANDISK.md 'awaiting confirmation'.
SD7DP41E-16G,SD7DP41E16G,eMMC,,16GB,,,,,skip,https://nzl.grandado.com/products/1pcs-lot-sd7dp24f-4g-sd7dp26a-4g-sd7dp28c-8g-sd7dp41e-16g,3,,Laser die-code; Tier-3 repair-lot bundles only (Grandado/ic-components); Octopart zero; interface UNVERIFIED; 16GB from suffix only. Already in SANDISK.md 'awaiting confirmation'.
